station_id,id_massif_bra,nom_massif_bra
chamonix-mont-blanc,3,Mont-Blanc
les-houches,3,Mont-Blanc
megeve,3,Mont-Blanc
flaine,2,Aravis
morzine-avoriaz,1,Chablais
les-gets,1,Chablais
la-clusaz,2,Aravis
le-grand-bornand,2,Aravis
val-thorens,10,Vanoise
courchevel,10,Vanoise
meribel,10,Vanoise
les-menuires,10,Vanoise
tignes,6,Haute-Tarentaise
val-disere,6,Haute-Tarentaise
la-plagne,6,Haute-Tarentaise
les-arcs,6,Haute-Tarentaise
valmorel,10,Vanoise
le-corbier,9,Maurienne
les-sept-laux,8,Belledonne
chamrousse,8,Belledonne
